INSERT INTO Employee (FirstName, LastName, NationalID, PhoneNumber, FixedSalary, [Type])
VALUES 
(N'أحمد', N'الرفاعي', '12345678901234', '01012345678', 5000.00, 1),  -- Type 1
(N'محمد', N'السيد', '22345678901234', '01022345678', 5500.00, 0),
(N'يوسف', N'حسن', '32345678901234', '01032345678', 4500.00, 0),
(N'علي', N'عبد الله', '42345678901234', '01042345678', 4700.00, 0),
(N'محمود', N'الزيني', '52345678901234', '01052345678', 5200.00, 0),
(N'عمرو', N'خالد', '62345678901234', '01062345678', 4800.00, 1),  -- Type 1
(N'إبراهيم', N'مجدي', '72345678901234', '01072345678', 4600.00, 0),
(N'سعيد', N'العطار', '82345678901234', '01082345678', 4950.00, 0),
(N'خالد', N'صبري', '92345678901234', '01092345678', 5100.00, 0),
(N'أمين', N'مرزوق', '02345678901234', '01002345678', 5300.00, 0);


INSERT INTO Customer ([Name], PhoneNumber)
VALUES 
(N'عمر سليمان', '01112345678'),
(N'ياسر علي', '01122345678'),
(N'مروان مصطفى', '01132345678'),
(N'خالد محمود', '01142345678'),
(N'إسلام طارق', '01152345678'),
(N'خليل سعيد', '01162345678'),
(N'هيثم حمدي', '01172345678'),
(N'علاء حمزة', '01182345678'),
(N'طارق يوسف', '01192345678'),
(N'أدهم سامي', '01102345678');


INSERT INTO Package (Name, Description, TotalAmount)
VALUES 
(N'باقة الذهبية', N'باقة تحتوي على خدمات متميزة.', 3000.00),
(N'باقة الفضية', N'باقة اقتصادية تتضمن خدمات أساسية.', 2000.00),
(N'باقة البلاتينية', N'باقة شاملة لجميع الخدمات.', 4000.00),
(N'باقة الشباب', N'باقة مخصصة للشباب بأسعار مخفضة.', 1500.00),
(N'باقة الأطفال', N'باقة خاصة بالأطفال.', 1000.00),
(N'باقات الحفلات', N'باقة مخصصة للحفلات والمناسبات.', 3500.00),
(N'باقات العريس', N'باقة شاملة لخدمات العريس.', 4500.00),
(N'باقات الرياضة', N'باقة مصممة للرياضيين.', 2800.00),
(N'باقات الصيف', N'باقة خاصة بفصل الصيف.', 2200.00);


INSERT INTO Service (ServiceName, Price)
VALUES 
(N'قص شعر', 150),
(N'حلاقة', 100),
(N'تقليم أظافر', 75),
(N'تنظيف بشرة', 200),
(N'مساج', 300),
(N'صبغة شعر', 250),
(N'تنظيف أسنان', 180),
(N'حمام مغربي', 400),
(N'تبييض بشرة', 350),
(N'تدليك', 320);


INSERT INTO Account (UserName, UserPassword, EmployeeID)
VALUES 
(N'owner', N'123', null),
(N'3mad', N'123', '12345678901234')



INSERT INTO PackageCustomer (CustomerId, PackageId, NationalID, TakeDate)
VALUES 
(1, 1, '12345678901234', '2024-08-01'),
(2, 2, '22345678901234', '2024-08-02'),
(3, 3, '32345678901234', '2024-08-03'),
(4, 4, '42345678901234', '2024-08-04'),
(5, 5, '52345678901234', '2024-08-05'),
(6, 6, '62345678901234', '2024-08-06'),
(7, 7, '72345678901234', '2024-08-07'),
(8, 8, '82345678901234', '2024-08-08'),
(9, 9, '92345678901234', '2024-08-09');


INSERT INTO serve (NationalID, CustomerId, ServiceId, Servedate)
VALUES 
('12345678901234', 1, 1, '2024-08-24'),
('22345678901234', 2, 2, '2024-08-24'),
('32345678901234', 3, 3, '2024-08-24'),
('42345678901234', 4, 4, '2024-08-24'),
('52345678901234', 5, 5, '2024-08-24'),
('62345678901234', 6, 6, '2024-08-24'),
('72345678901234', 7, 7, '2024-08-24'),
('82345678901234', 8, 8, '2024-08-24'),
('92345678901234', 9, 9, '2024-08-24'),
('02345678901234', 10, 10, '2024-08-20');


INSERT INTO Attendance (NationalID, ExpenseMoney, ArrivalTime, DepartureTime, DailyPocketMoney)
VALUES 
('12345678901234', 50.00, '2024-08-11 08:00:00', '2024-08-11 17:00:00', 30.00),
('22345678901234', 60.00, '2024-08-12 08:15:00', '2024-08-12 17:15:00', 40.00),
('32345678901234', 55.00, '2024-08-13 08:30:00', '2024-08-13 17:30:00', 35.00),
('42345678901234', 45.00, '2024-08-14 08:45:00', '2024-08-14 17:45:00', 25.00),
('52345678901234', 50.00, '2024-08-15 09:00:00', '2024-08-15 18:00:00', 30.00),
('62345678901234', 60.00, '2024-08-16 09:15:00', '2024-08-16 18:15:00', 40.00),
('72345678901234', 55.00, '2024-08-17 09:30:00', '2024-08-17 18:30:00', 35.00),
('82345678901234', 45.00, '2024-08-18 09:45:00', '2024-08-18 18:45:00', 25.00),
('92345678901234', 50.00, '2024-08-19 10:00:00', '2024-08-19 19:00:00', 50.00);


